CREATE DATABASE  IF NOT EXISTS `beta` /*!40100 DEFAULT CHARACTER SET latin1 */;
USE `beta`;
-- MySQL dump 10.14  Distrib 5.5.37-MariaDB, for Linux (x86_64)
--
-- Host: 127.0.0.1    Database: beta
-- ------------------------------------------------------
-- Server version	5.5.37-MariaDB-log

/*!40101 SET @OLD_CHARACTER_SET_CLIENT=@@CHARACTER_SET_CLIENT */;
/*!40101 SET @OLD_CHARACTER_SET_RESULTS=@@CHARACTER_SET_RESULTS */;
/*!40101 SET @OLD_COLLATION_CONNECTION=@@COLLATION_CONNECTION */;
/*!40101 SET NAMES utf8 */;
/*!40103 SET @OLD_TIME_ZONE=@@TIME_ZONE */;
/*!40103 SET TIME_ZONE='+00:00' */;
/*!40014 SET @OLD_UNIQUE_CHECKS=@@UNIQUE_CHECKS, UNIQUE_CHECKS=0 */;
/*!40014 SET @OLD_FOREIGN_KEY_CHECKS=@@FOREIGN_KEY_CHECKS, FOREIGN_KEY_CHECKS=0 */;
/*!40101 SET @OLD_SQL_MODE=@@SQL_MODE, SQL_MODE='NO_AUTO_VALUE_ON_ZERO' */;
/*!40111 SET @OLD_SQL_NOTES=@@SQL_NOTES, SQL_NOTES=0 */;

--
-- Table structure for table `clan`
--

DROP TABLE IF EXISTS `clan`;
/*!40101 SET @saved_cs_client     = @@character_set_client */;
/*!40101 SET character_set_client = utf8 */;
CREATE TABLE `clan` (
  `id` int(11) NOT NULL AUTO_INCREMENT,
  `name` varchar(150) NOT NULL,
  `mode` int(2) NOT NULL DEFAULT '1',
  `money` int(10) NOT NULL DEFAULT '0',
  `owner` int(11) NOT NULL,
  PRIMARY KEY (`id`),
  KEY `fk_clan_owner_idx` (`owner`),
  CONSTRAINT `fk_clan_owner` FOREIGN KEY (`owner`) REFERENCES `user` (`id`) ON DELETE NO ACTION ON UPDATE NO ACTION
) ENGINE=InnoDB AUTO_INCREMENT=18 DEFAULT CHARSET=latin1;
/*!40101 SET character_set_client = @saved_cs_client */;

--
-- Dumping data for table `clan`
--

LOCK TABLES `clan` WRITE;
/*!40000 ALTER TABLE `clan` DISABLE KEYS */;
INSERT INTO `clan` VALUES (12,'Clan de test',3,0,169),(17,'Mon clan',2,0,98);
/*!40000 ALTER TABLE `clan` ENABLE KEYS */;
UNLOCK TABLES;

--
-- Table structure for table `clan_require`
--

DROP TABLE IF EXISTS `clan_require`;
/*!40101 SET @saved_cs_client     = @@character_set_client */;
/*!40101 SET character_set_client = utf8 */;
CREATE TABLE `clan_require` (
  `id` int(11) NOT NULL AUTO_INCREMENT,
  `user` int(11) NOT NULL,
  `clan` int(11) NOT NULL,
  `message` varchar(500) NOT NULL,
  PRIMARY KEY (`id`),
  KEY `fk_clan_require_user_id_idx` (`user`),
  KEY `fk_clan_require_clan_id_idx` (`clan`),
  CONSTRAINT `fk_clan_require_user_id` FOREIGN KEY (`user`) REFERENCES `user` (`id`) ON DELETE NO ACTION ON UPDATE NO ACTION,
  CONSTRAINT `fk_clan_require_clan_id` FOREIGN KEY (`clan`) REFERENCES `clan` (`id`) ON DELETE NO ACTION ON UPDATE NO ACTION
) ENGINE=InnoDB AUTO_INCREMENT=2 DEFAULT CHARSET=latin1;
/*!40101 SET character_set_client = @saved_cs_client */;

--
-- Dumping data for table `clan_require`
--

LOCK TABLES `clan_require` WRITE;
/*!40000 ALTER TABLE `clan_require` DISABLE KEYS */;
/*!40000 ALTER TABLE `clan_require` ENABLE KEYS */;
UNLOCK TABLES;

--
-- Table structure for table `grade`
--

DROP TABLE IF EXISTS `grade`;
/*!40101 SET @saved_cs_client     = @@character_set_client */;
/*!40101 SET character_set_client = utf8 */;
CREATE TABLE `grade` (
  `id` int(11) NOT NULL AUTO_INCREMENT,
  `name` varchar(150) NOT NULL,
  `description` varchar(500) NOT NULL,
  PRIMARY KEY (`id`)
) ENGINE=InnoDB AUTO_INCREMENT=9 DEFAULT CHARSET=latin1;
/*!40101 SET character_set_client = @saved_cs_client */;

--
-- Dumping data for table `grade`
--

LOCK TABLES `grade` WRITE;
/*!40000 ALTER TABLE `grade` DISABLE KEYS */;
INSERT INTO `grade` VALUES (7,'Membre','Utilisateur de base sur le site'),(8,'Administrateur','Administrateur du site');
/*!40000 ALTER TABLE `grade` ENABLE KEYS */;
UNLOCK TABLES;

--
-- Table structure for table `grade_permission`
--

DROP TABLE IF EXISTS `grade_permission`;
/*!40101 SET @saved_cs_client     = @@character_set_client */;
/*!40101 SET character_set_client = utf8 */;
CREATE TABLE `grade_permission` (
  `id` int(11) NOT NULL AUTO_INCREMENT,
  `id_grade` int(11) NOT NULL,
  `id_permission` int(11) NOT NULL,
  PRIMARY KEY (`id`),
  KEY `fk_grade_idx` (`id_grade`),
  KEY `fk_permission_idx` (`id_permission`),
  CONSTRAINT `fk_grade` FOREIGN KEY (`id_grade`) REFERENCES `grade` (`id`) ON DELETE NO ACTION ON UPDATE NO ACTION,
  CONSTRAINT `fk_permission` FOREIGN KEY (`id_permission`) REFERENCES `permission` (`id`) ON DELETE NO ACTION ON UPDATE NO ACTION
) ENGINE=InnoDB AUTO_INCREMENT=3 DEFAULT CHARSET=latin1;
/*!40101 SET character_set_client = @saved_cs_client */;

--
-- Dumping data for table `grade_permission`
--

LOCK TABLES `grade_permission` WRITE;
/*!40000 ALTER TABLE `grade_permission` DISABLE KEYS */;
INSERT INTO `grade_permission` VALUES (1,7,2),(2,8,1);
/*!40000 ALTER TABLE `grade_permission` ENABLE KEYS */;
UNLOCK TABLES;

--
-- Table structure for table `permission`
--

DROP TABLE IF EXISTS `permission`;
/*!40101 SET @saved_cs_client     = @@character_set_client */;
/*!40101 SET character_set_client = utf8 */;
CREATE TABLE `permission` (
  `id` int(11) NOT NULL AUTO_INCREMENT,
  `slug` varchar(150) NOT NULL,
  `description` varchar(255) NOT NULL,
  PRIMARY KEY (`id`)
) ENGINE=InnoDB AUTO_INCREMENT=11 DEFAULT CHARSET=latin1;
/*!40101 SET character_set_client = @saved_cs_client */;

--
-- Dumping data for table `permission`
--

LOCK TABLES `permission` WRITE;
/*!40000 ALTER TABLE `permission` DISABLE KEYS */;
INSERT INTO `permission` VALUES (1,'site_admin','Administrer le site'),(2,'site_member','utilisation normale du site');
/*!40000 ALTER TABLE `permission` ENABLE KEYS */;
UNLOCK TABLES;

--
-- Table structure for table `user`
--

DROP TABLE IF EXISTS `user`;
/*!40101 SET @saved_cs_client     = @@character_set_client */;
/*!40101 SET character_set_client = utf8 */;
CREATE TABLE `user` (
  `id` int(11) NOT NULL AUTO_INCREMENT,
  `login` varchar(65) NOT NULL,
  `email` varchar(150) NOT NULL,
  `password` varchar(255) NOT NULL,
  `datetime` datetime NOT NULL,
  `money` int(11) NOT NULL DEFAULT '0',
  `points` float NOT NULL DEFAULT '0',
  `last_ip` varchar(150) NOT NULL,
  `blocked` int(1) NOT NULL DEFAULT '0',
  `lost_attempts` int(1) NOT NULL DEFAULT '0',
  `clan` int(11) DEFAULT NULL,
  `site_grade` int(11) NOT NULL DEFAULT '7',
  `clan_grade` int(11) DEFAULT NULL,
  PRIMARY KEY (`id`),
  KEY `fk_clan_idx` (`clan`),
  KEY `fk_grade_site_idx` (`site_grade`),
  KEY `fk_grade_clan_idx` (`clan_grade`),
  CONSTRAINT `fk_grade_site` FOREIGN KEY (`site_grade`) REFERENCES `grade` (`id`) ON DELETE NO ACTION ON UPDATE NO ACTION,
  CONSTRAINT `fk_clan` FOREIGN KEY (`clan`) REFERENCES `clan` (`id`) ON DELETE NO ACTION ON UPDATE NO ACTION,
  CONSTRAINT `fk_grade_clan` FOREIGN KEY (`clan_grade`) REFERENCES `grade` (`id`) ON DELETE NO ACTION ON UPDATE NO ACTION
) ENGINE=InnoDB AUTO_INCREMENT=331 DEFAULT CHARSET=latin1;
/*!40101 SET character_set_client = @saved_cs_client */;

--
-- Dumping data for table `user`
--

LOCK TABLES `user` WRITE;
/*!40000 ALTER TABLE `user` DISABLE KEYS */;
INSERT INTO `user` VALUES (44,'Kim','kimblood@outlook.fr','f61dd0593cf88caee316bef7f44e006cd208ca46','2014-05-31 14:31:39',1677,191.25,'78.226.82.36',0,0,NULL,8,NULL),(45,'KAOTIK93','kaotik934@hotmail.fr','ca9c797820964f80be295c649c3879478cdbf0f6','2014-05-04 16:27:02',1120,2.25,'84.103.101.132',0,0,NULL,7,NULL),(46,'mimzy25','tetede@hotmail.com','c9e4468ecf9dc3923db8d0c2a06f67d3cee0824d','2014-05-04 16:34:31',200,0,'91.176.3.92',0,0,NULL,7,NULL),(47,'alown','blak501@gmail.com','e4b4eb77e808ed221d389accb8057f4d8e15bd68','2014-05-04 16:48:56',280,0,'85.69.97.225',0,0,NULL,7,NULL),(48,'St3ve91','zienteck.steven@laposte.net','c4b7097150916a8ae67e0fd0bb6f3fcdf73f264d','2014-05-04 17:25:04',260,0,'86.70.225.217',0,0,NULL,7,NULL),(49,'clem73','clementbourcois@gmail.com','7aecdabc91ee369db37514ab1845f4a7c7429115','2014-05-04 17:25:26',2695,0,'109.16.242.15',0,0,NULL,7,NULL),(50,'jojo','nicolas54200@live.fr','f0e68980437af46440d93bc2affbabf00e932b7b','2014-05-04 18:17:21',330,-26.75,'5.50.97.117',0,0,NULL,7,NULL),(51,'Groo','jmentapegrave@gmail.com','328d4ab938c562a2c72ff6252c009b58fadef1d9','2014-05-04 18:53:28',5480,0,'78.236.215.220',0,0,NULL,7,NULL),(52,'pouet','robert@hue.com','ac75170e25a0b727214dc34871b6ca2b4a035e2a','2014-05-04 19:11:33',9945,-2.75,'79.93.120.36',0,0,NULL,7,NULL),(53,'The Lord XF','steven.zienteck@laposte.net','c4b7097150916a8ae67e0fd0bb6f3fcdf73f264d','2014-05-04 19:11:53',200,0,'86.70.225.217',0,0,NULL,7,NULL),(54,'CaganTr','faliguerho.scott@gmail.com','0c60ce6fbdbb888b7e457ed80e9d8def506d3af9','2014-05-04 19:41:59',361,-99,'88.185.175.63',0,0,NULL,7,NULL),(55,'Alex','alexandreblonda@hotmail.com','5607c48e5d2affbb775ac3778c24b41e47d4df75','2014-05-04 20:04:55',32736,507.25,'109.223.235.165',0,0,NULL,7,NULL),(56,'Oneshotman','theo.fins@gmail.com','7a59ef453d9d6c1f99fda91f2baeb1a5ad876bfb','2014-05-04 20:34:38',80,0,'176.180.198.150',0,0,NULL,7,NULL),(57,'Baghera34','lele34200@gmail.com','cddf3cce504d6416c666bb136af61031b0eeac01','2014-05-04 21:58:33',862,0,'109.20.185.42',0,0,NULL,7,NULL),(58,'fast77','tarek_347@msn.com','3eb4422adb2c0fe777c91b27a4cd5d75615827b4','2014-05-04 22:29:35',794,0,'83.114.157.162',0,0,NULL,7,NULL),(60,'Stormex','nasse24@hotmail.fr','a7bdde570863946503708950abfadcb4d6e92915','2014-05-05 07:27:03',200,0,'78.235.133.56',0,0,NULL,7,NULL),(61,'romain32100','romain32100@outlook.com','05f9883d3caa9f5b4b7c37321d51912a2e2033df','2014-05-05 15:47:39',1705,88.5,'88.126.144.174',0,0,NULL,7,NULL),(62,'MonsterEnerGy','avanimation76@gmail.com','1b29b152e9c97086b9afc4669bbaa0a41240fb55','2014-05-05 17:44:15',124,-62.5,'93.27.1.29',0,0,NULL,7,NULL),(63,'Glouton','luc.tic-tac@hotmail.fr','dd7b45749734f7ee403d3de53f8139f65c74a58a','2014-05-05 19:19:54',3472,447,'83.114.102.34',0,0,NULL,7,NULL),(64,'Arkanna75','pierrev3t@yahoo.fr','8ebde7884f1cf0cc4cd3a0b605473632f75779ec','2014-05-05 19:23:44',200,0,'88.176.150.134',0,0,NULL,7,NULL),(65,'Daryl','thqatv@hotmail.fr','b5ef8098769cce59f96182bd24f2b14686dda0ff','2014-05-05 19:23:47',152,-18.75,'78.241.44.205',0,0,NULL,7,NULL),(66,'Frouille','lacour.margot@hotmail.fr','079476c3772f5c667200c85e4aa520bd9ae07c3a','2014-05-05 19:48:03',405,0,'82.121.146.67',0,0,NULL,7,NULL),(67,'Reubtincel','malikkazi1@gmail.com','9845be60e9bba41131d8cae542592be1733a2181','2014-05-05 19:48:22',896,0,'82.121.146.67',0,0,NULL,7,NULL),(68,'Papy mikamala','malaviale@hotmail.com','e7247b9d7ecd676cce6abb3c0b82f609e0481522','2014-05-05 20:09:44',606,187.25,'77.233.110.146',0,0,NULL,7,NULL),(69,'[Milice] Nestine','mesvideosminecraft@hotmail.fr','2e6be3132daab69c6246147f16c6621594cfc9fb','2014-05-06 00:40:33',210,0,'190.42.55.48',0,0,NULL,7,NULL),(71,'bubblebobble','jerome80400@hotmail.fr','b262fe387b3c4d2dc135260f20c35dd0d4f99691','2014-05-06 12:05:18',114,252.5,'176.31.240.41',0,0,NULL,7,NULL),(72,'Krenom','krenom@hotmail.fr','ee42532790d54a282897081b26ededca6e37faef','2014-05-06 19:00:15',200,0,'2.5.77.62',0,0,NULL,7,NULL),(73,'Deathlight','maroc-boss@live.fr','1686168c39f88917499152f8920189f1162dccc1','2014-05-06 21:47:23',177,0,'87.64.61.86',0,0,NULL,7,NULL),(74,'Timo','timothee.ringeard@free.fr','62b6f7fa4f7449c46df95a76f19b2b228cdf721f','2014-05-06 21:47:49',495,0,'78.229.192.228',0,0,NULL,7,NULL),(75,'Safleulou','SAFLEUpVp@gmail.com','7da7af82129eedfe4d0c824f40a45020b89b3ce6','2014-05-06 21:47:55',200,0,'82.227.140.37',0,0,NULL,7,NULL),(76,'Noob','cbonato83@gmail.com','692857e70cf52bc7b298df3b51625d0b66fd96b6','2014-05-06 22:37:11',205,0,'79.86.243.251',0,0,NULL,7,NULL),(80,'Clement549','clementroure@orange.fr','8894dbf908c0b89d8394397f82ac435ad9e7fbf6','2014-05-08 08:40:32',200,0,'90.9.15.155',0,0,NULL,7,NULL),(81,'akyrame','lalala@free.fr','607935ca3f34987a77e6f3398dfa966d59ae215b','2014-05-08 11:48:24',200,0,'83.205.209.191',0,0,NULL,7,NULL),(82,'XxNeroXxX','bastienmerlet@hotmail.fr','9adb14331d4c946d51dc6e7fdf0c44bf9f2722ed','2014-05-08 14:37:13',200,0,'90.21.29.175',0,0,NULL,7,NULL),(83,'kriogenik','benoit.noel@dbmail.com','91703e38d6149c26875b1a55347fede654c77b8c','2014-05-08 15:12:09',7369,6,'89.156.28.174',0,0,NULL,7,NULL),(84,'Futur','futuraromain@gmail.com','8c72a118d84340fb62be096c8f85cd7f0c104762','2014-05-08 17:41:16',1877,213,'176.31.240.41',0,0,NULL,7,NULL),(85,'ikkiro','romaric5555@yahoo.fr','d352233cba21536eedbd0b8ab5b353a2ae83c0a5','2014-05-08 18:38:56',200,-3,'176.31.240.41',0,0,NULL,7,NULL),(87,'DerpTeamNoob','LaveLDarK@gmail.com','61db9ce769daa07a15ba414ba9033e44c01a9709','2014-05-08 18:48:59',200,0,'82.238.30.218',0,0,NULL,7,NULL),(90,'Crazewok','iamsylar@hotmail.fr','df48b3c60c9e1590a92e26b8419453e255f2cfdb','2014-05-08 20:56:13',1640,42,'176.31.240.41',0,0,NULL,7,NULL),(92,'Belbby01','bousssad34@hotmail.com','074158eff2078578e58196bfceaaacd3edee35fb','2014-05-08 23:47:26',200,0,'184.145.205.6',0,0,NULL,7,NULL),(93,'SUPBRO123','lololo@hotmail.com','074158eff2078578e58196bfceaaacd3edee35fb','2014-05-09 02:52:37',205,0,'184.145.205.6',0,0,NULL,7,NULL),(94,'BlackEagle','ordredutemple@hotmail.com','290928a778f474b5f3675dc0a008156f710febd0','2014-05-09 09:47:56',356,925.5,'107.171.141.106',0,0,NULL,7,NULL),(95,'GOTAGA','basta70@hotmail.fr','03d58fe05fd8d3c40474e487f8fd4f99ea502a46','2014-05-09 13:14:38',245,0,'88.123.243.102',0,0,NULL,7,NULL),(96,'Septum','alexandre.lhopital@gmail.com','605a21034431f4741bdec536b63a77923062558f','2014-05-09 13:50:51',1849,198.75,'176.31.240.41',0,0,NULL,7,NULL),(97,'louloulepou48','lou.brochard@gmail.com','3a026568da10298597fed7e74a2d4563622cc928','2014-05-09 14:50:13',320,-2.75,'77.206.13.251',0,0,NULL,7,NULL),(98,'harmo','dtharmo@gmail.com','9db5e31a0259fcbbf1f2c5335433499679f48f61','2014-06-11 23:29:34',95960,27.75,'127.0.0.1',0,0,NULL,8,NULL),(100,'TheNerozRust','nerozon@gmail.com','fbdc2153766fde19cd9f9607e99f82fcd90e74da','2014-05-09 18:30:58',585,0,'88.127.172.86',0,0,NULL,7,NULL),(101,'Blooder','blooder.kayo.sama@gmail.com','b6ecd40536f2c1a2f6d10f6fb4857a8a00c3a0a7','2014-05-10 06:35:02',1680,0,'176.31.240.41',0,0,NULL,7,NULL),(103,'Pegre','ulysse34herault@gmail.com','a54c2d9af7306bcf75583c8b0cecb81a64b3c2b4','2014-05-10 10:07:08',860,0,'176.31.240.41',0,0,NULL,7,NULL),(104,'Azkiez','killiandu25000@hotmail.fr','4d1623cecb7fa38198fb58becb7a490ae10e5985','2014-05-10 10:27:45',734,12.25,'78.248.173.33',0,0,NULL,7,NULL),(105,'test','test@test','9775304f911265014c5e869b6f724f85cf78c2ef','2014-05-10 10:36:30',200,0,'176.31.240.41',0,0,NULL,7,NULL),(106,'Skyroce','theo1.marchand9@gmail.com','93c49a39a29d545c56f3720f01ef1c2d068c113f','2014-05-10 16:14:48',260,0,'78.240.144.210',0,0,NULL,7,NULL),(107,'reidark','reidark666@live.fr','b8911f8e4362c0291d8e57f3d49a8a060681305a','2014-05-10 17:25:48',200,0,'176.31.240.41',0,0,NULL,7,NULL),(108,'Nolewer','babat62100@hotmail.fr','989c42c2e8b9708ee21c2b6bb1a8190def833818','2014-05-10 17:34:36',200,0,'81.250.224.201',0,0,NULL,7,NULL),(109,'Mouglis','best-du16@hotmail.fr','b8911f8e4362c0291d8e57f3d49a8a060681305a','2014-05-10 17:38:43',627,-5.25,'176.31.240.41',0,0,NULL,7,NULL),(110,'shulses90','zombis3b@gmail.com','f31dcc915c5a3e5325b709645608f37c86df9e67','2014-05-10 17:38:46',2882,-18.25,'176.31.240.41',0,0,NULL,7,NULL),(111,'Hungnose','oliver.wilson@hotmail.fr','1138b91e5d25d8756c3047ec23c6b90fc428ee1f','2014-05-10 17:41:15',545,11.5,'176.31.240.41',0,0,NULL,7,NULL),(112,'ElegantWish','julienmalaviale@hotmail.fr','9dbd116606e42375b6bd05c645e2c0c35e062534','2014-05-10 18:01:26',1553,148.75,'89.93.18.150',0,0,NULL,7,NULL),(113,'Cataplasme55','tbarranger44@gmail.com','baa8570f91f5f379231b7b138fcf9f7bd4c1b37f','2014-05-10 20:50:54',200,0,'176.31.240.41',0,0,NULL,7,NULL),(114,'Cataclyisme','cataclisme69@hotmail.fr','ecb4bc9e57db80a0927c91924868956182368c30','2014-05-10 22:30:24',200,0,'176.31.240.41',0,0,NULL,7,NULL),(115,'Eno','magicjay37@hotmail.fr','c80ac56da2eb06899cc5c4c40761d7ffaebf4d36','2014-05-10 22:34:30',200,0,'86.68.84.62',0,0,NULL,7,NULL),(116,'Condawr','piazzarichard@hotmail.fr','990030958c3357e9726be53b771d9108b965cbb2','2014-05-10 23:22:06',549,0.5,'176.31.240.41',0,0,NULL,7,NULL),(117,'Deimos','alexisiifreitas@hotmail.fr','b3640d5613474d783136b14094dc0201e8de6d5c','2014-05-10 23:25:23',162,0,'176.31.240.41',0,0,NULL,7,NULL),(118,'mastrak','alex.fantasy@hotmail.fr','f80f9cfae1017d2e0b1164ce755de4e88cb0c628','2014-05-11 00:41:11',200,0,'176.31.240.41',0,0,NULL,7,NULL),(120,'SeeYouSooN','bastien2800@gmail.com','2e3dea17ec685a3dcaf45255919e69e5bd54b9b8','2014-05-11 07:53:00',1066,1209.81,'88.170.129.214',0,0,NULL,7,NULL),(121,'britym','nicolas.grimaud16@orange.fr','3f99532ce22f247400bed736e1bc306733190861','2014-05-11 15:34:41',460,0,'176.31.240.41',0,0,NULL,7,NULL),(122,'Petipied','pssyck0@gmail.com','2119ca9b60baf0fc0d9531d208b02b911902f220','2014-05-11 16:35:38',879,11.25,'86.205.70.37',0,0,NULL,7,NULL),(124,'Vlaskin','valprevost91@gmail.com','b054ccc32bd0ef16305b60cfc5be1133890e537c','2014-05-11 16:47:34',5005,15.5,'176.31.240.41',0,0,NULL,7,NULL),(125,'DeeGex','mehrouane26750@hotmail.fr','debe2545499adbf5e9393a5153aa8401da74e44e','2014-05-11 17:13:58',2657,-36.5,'82.253.128.240',0,0,NULL,7,NULL),(126,'dgems','dgems@hotmail.fr','280b8d4abb19225c3046bc7de1c8bd621233ab77','2014-05-11 17:35:02',240,0,'176.31.240.41',0,0,NULL,7,NULL),(127,'Elmoo','ElmooPC@gmail.com','4ab3f272bc517874b9721402391ebd5975ee4247','2014-05-11 18:38:12',200,0,'90.51.238.74',0,0,NULL,7,NULL),(128,'hobbit','goldfarbmikeal@hotmail.fr','a70f8f713268dfc44d03e65a8d49ee0f1d910593','2014-05-11 18:43:44',430,1.25,'78.198.206.69',0,0,NULL,7,NULL),(129,'Franky','kakalouadji@yahoo.fr','d7d62db5440400d244ca1b0ba2b98be12f5446f0','2014-05-11 19:21:54',180,-5,'197.203.36.177',0,0,NULL,7,NULL),(130,'Jujuo','dreezteam@gmail.com','f76d119a85a9f5505bfb5cbab631f055f908674f','2014-05-11 21:34:43',213,37.5,'82.224.0.45',0,0,NULL,7,NULL),(131,'Tommy131','seb_zap@hotmail.fr','6e1758a92967e89a29045ee5a694fa2f1cf49172','2014-05-11 23:05:42',200,0,'78.213.157.95',0,0,NULL,7,NULL),(132,'Sardaukar','julien.pizzinato@sfr.fr','592bc76848c375c8355a07f7fea07b6897eeb74f','2014-05-12 11:35:24',200,0,'109.15.7.165',0,0,NULL,7,NULL),(133,'Matlefaibl06','matlefaibl@gmail.com','e0346dd12bfdba54ac1b1b8f7323109adab45372','2014-05-12 16:18:04',9031,42.125,'88.187.167.94',0,0,NULL,7,NULL),(134,'Sirahellz','frederick_gauthier@hotmail.fr','b162e6fbda75d8a932ec2659bbfff3a2e23b025e','2014-05-12 17:56:52',394,46,'74.56.221.127',0,0,NULL,7,NULL),(135,'Kawach','tito__59@hotmail.fr','94803b2d6f23c8eab4960f19599445a8438e9e2e','2014-05-12 18:12:49',143,36,'109.190.82.77',0,0,NULL,7,NULL),(136,'Delta3200','dorian31750@gmail.com','e5a3b036e1723a1f616239912f155026e4c7d448','2014-05-12 18:49:42',200,0,'86.201.84.112',0,0,NULL,7,NULL),(137,'Kardrim','crazewok@gmail.fr','86c89385d7ca4527b7d1c1b8b6e086a13ce60733','2014-05-12 20:25:33',200,0,'92.133.172.72',0,0,NULL,7,NULL),(138,'xeyphon','xeyphon@hotmail.fr','2ccbb5040178a9f129cfcd447d83a5cb03dc2762','2014-05-12 20:30:19',240,-2.75,'176.31.240.41',0,0,NULL,7,NULL),(139,'Legios','snachou98100@hotmail.fr','4bb31a254ab9b063b7c9cd0215101cff93f17428','2014-05-12 20:46:51',2297,335.5,'31.33.136.231',0,0,NULL,7,NULL),(140,'Yondaime','sebastien.gorgibus@wanadoo.fr','8b3c0960e18163c514ab007a5da7a89c645675f1','2014-05-12 20:55:34',240,0,'83.198.71.195',0,0,NULL,7,NULL),(141,'Sunrises','rere24@hotmail.fr','1c898daf49b5e79d881993e94596ef355e100896','2014-05-12 20:56:49',2516,49.25,'87.89.81.178',0,0,NULL,7,NULL),(142,'Skynet','roulious_skynet@hotmail.com','91713ad73513d4635a45a9f20f29e189daf97ee1','2014-05-12 22:45:59',1490,290.25,'82.65.129.7',0,0,NULL,7,NULL),(143,'Furax','furax62@free.fr','2d3bd6b48f885f821cc786e6e0f01036cce1f330','2014-05-12 23:32:00',780,-5,'88.181.238.74',0,0,NULL,7,NULL),(147,'Nikkaa','nikkaa@cs-fusion.com','693203026ea7e108ade3dc07ed32f2e280934eb2','2014-05-13 03:23:45',1121,74.25,'176.31.240.41',0,0,NULL,7,NULL),(148,'amnesik','frenesikx@gmail.com','0d3818b36749c98f0fa018f9b9982a75f9755d1a','2014-05-13 16:43:55',902,44.25,'176.31.240.41',0,0,NULL,7,NULL),(149,'Amateratsu','scott9111@hotmail.fr','05e844c66cbb9fe4f3f273a42b9b1f3d38014509','2014-05-13 18:50:43',3117,16.25,'78.117.14.91',0,0,NULL,7,NULL),(151,'Christouf','lhermite9137@gmail.com','efb5da78dcc411dfaae34bb27fc403d265a6a729','2014-05-13 20:32:41',473,11.25,'176.31.240.41',0,0,NULL,7,NULL),(152,'Tchoho','stiflane@gmail.com','772a4032dd347f3af96f7d63c34a19410cfe6386','2014-05-13 21:35:16',396,-9.5,'176.31.240.41',0,0,NULL,7,NULL),(153,'tonerre','scott91270@hotmail.fr','05e844c66cbb9fe4f3f273a42b9b1f3d38014509','2014-05-14 00:57:28',200,0,'80.215.160.27',0,0,NULL,7,NULL),(154,'Xuroligda','pierre-h-57@hotmial.fr','f7ebaaadf69f4636024fb7a7a6db3309edf0211b','2014-05-14 11:23:14',200,0,'78.200.158.49',0,0,NULL,7,NULL),(156,'jasko77','jason-77270@hotmail.fr','cc0d4c3ff797ea7bb9cb60ef95ef2f9ee42732da','2014-05-14 14:16:11',143,-88.25,'92.146.198.193',0,0,NULL,7,NULL),(158,'donovan28','dono_28000@hotmail.fr','12b735e06ab6f6ae9fa153accdd644dff0b858f0','2014-05-14 14:49:59',60,99.5,'88.170.129.214',0,0,NULL,7,NULL),(159,'Michael22','aemkiller@gmail.com','264b7033f5428bba342ccffeb7830978dfa284c5','2014-05-14 15:38:05',205,-2.75,'70.30.164.248',0,0,NULL,7,NULL),(161,'ToxMaMat','\"mamatytub@gmail.com\"','db6bc68b874f344958c936cdeec0a5c72b032499','2014-05-14 17:11:21',200,0,'77.196.228.206',0,0,NULL,7,NULL),(162,'quentin06','quentin.stpaul@gmail.com','1509b1690423899c6a4d864083ee2a78fd0f3c18','2014-05-14 17:16:40',475,0.25,'83.197.33.47',0,0,NULL,7,NULL),(163,'TheVektor123','hitman3999@hotmail.fr','cee43e11ef239c56bcd37e02fd275d044718df66','2014-05-14 18:09:28',225,-2,'176.31.240.41',0,0,NULL,7,NULL),(164,'Samyolesse','samy22560@hotamil.fr','873a8368f12bd22e5f20c127f3fd077792bd38ed','2014-05-14 20:00:31',185,-1.75,'109.218.43.251',0,0,NULL,7,NULL),(165,'Nono','formationcommune@hotmail.fr','edca0af72b73e950f5c602649a4537a567d4bfd0','2014-05-14 20:13:30',1000,193,'88.142.40.84',0,0,NULL,7,NULL),(166,'ocaybay','clement.finesso@gmailcom','a13b6d1c1d3dcd90a7f1fb54473df0c72abf4b73','2014-05-14 22:07:33',6410,94,'88.177.113.14',0,0,NULL,7,NULL),(167,'alexmr06','alexmr06@hotmail.fr','2fb887c7aa1a47f0eea655a1641bfe8ce621d8fb','2014-05-15 01:29:01',200,0,'176.31.240.41',0,0,NULL,7,NULL),(168,'NortheLighT','dimitri.argounov@gmail.com','dbeb6a196a67939ee8ea7370c486aaa892c8563a','2014-05-15 02:30:43',200,0,'176.31.240.41',0,0,NULL,7,NULL),(169,'Terakar','julien.pizzinato@gmail.com','1fce596af20dff3949f60c4ca3674f23cf891763','2014-05-15 12:39:55',21300,73.75,'83.201.20.13',0,0,NULL,7,NULL),(170,'Paeo974','rechad97420@hotmail.fr','b66b7be2177d1c70ff9efbd0e43c41f290bb1526','2014-05-15 13:42:35',2379,-8.75,'90.10.217.224',0,0,NULL,7,NULL),(171,'Sasuke952','dany-du-952@hotmail.fr','12a3c63b683c131f438a8bc85b850dd05624195c','2014-05-15 18:42:13',320,-3.5,'82.237.152.82',0,0,NULL,7,NULL),(172,'TheGunners13','idriz_13@hotmail.fr','97d61b59b4297ab0d847163024af2695cf21652f','2014-05-15 19:33:09',1306,-0.25,'80.218.191.41',0,0,NULL,7,NULL),(173,'MasterOfDesaster','pierrevon11@gmail.ch','9dfc20da0c699d2fceae67e589309d489bd2dfbe','2014-05-15 20:07:17',324,-4.25,'85.2.107.2',0,0,NULL,7,NULL),(174,'tlck','jordan36511@gmail.com','f290a2562807dcc461a0da39efcb444ec15399cc','2014-05-15 21:08:44',260,0.25,'77.202.124.241',0,0,NULL,7,NULL),(176,'RoXSaida','RoXSaida97430@hotmail.fr','6ba6edc50cf8678ca99387ae111159f8af919833','2014-05-16 08:46:59',700,-19.25,'90.10.26.109',0,0,NULL,7,NULL),(177,'ben65','DubosBenjamin@yahoo.fr','a4eba8d73708c9eb492f187abd5231bd9cbf4421','2014-05-16 11:36:45',4180,32,'90.38.179.17',0,0,NULL,7,NULL),(178,'[ORGA]Grizzly','joelle.fourcade68@sfr.fr','95845714c373d68a8742f3ce66a58ee94b93042c','2014-05-16 15:35:44',9893,841,'78.239.171.235',0,0,NULL,7,NULL),(179,'kumshot93','jseydoux69@gmail.com','5863a190903989d2c946a950d7059a37d08f8704','2014-05-16 17:30:20',220,-31,'85.3.178.129',0,0,NULL,7,NULL),(180,'cadet','cadetchima@hotmail.com','61b70c0d48fa40280ff4f002be82cf8ff090b870','2014-05-16 17:56:03',2512,54.5,'174.138.207.173',0,0,NULL,7,NULL),(181,'Shyning','Devilogame@hotmail.fr','099dab3454dbbb86dc9a3e065f0c392f50b978c5','2014-05-16 18:52:12',210,5.25,'90.22.173.166',0,0,NULL,7,NULL),(182,'Bestiau','bestiau27@hotmail.fr','7a665b2b008b1c5800a1f463c133c2d9266b2a6f','2014-05-16 18:55:07',715,-2.75,'90.51.151.213',0,0,NULL,7,NULL),(183,'Soodhou','samuel01coelho@gmail.com','d20a7932bfcfeacce58c558ec7ba33bc15d42c64','2014-05-16 20:17:36',3138,-20.75,'84.227.208.193',0,0,NULL,7,NULL),(184,'Baby','Tinalicious@gmx.de','540358700b172ee6dcd02b227defec445e5a66a8','2014-05-16 22:30:40',261,0.25,'176.31.240.41',0,0,NULL,7,NULL),(185,'Rhagaros','lemoalbriac@gmail.com','a5e822eead7228bb490d5ff1c7a997d20f7ddae5','2014-05-16 23:17:41',4491,37.875,'109.15.196.225',0,0,NULL,7,NULL),(186,'Byro3000','tristantrema@sfr.fr','c9f0c11865b91f581f607ac8c107c6f70d4eefc4','2014-05-17 09:06:35',200,0,'176.31.240.41',0,0,NULL,7,NULL),(187,'Alexlerider83','massaandroid83@gmail.com','39635b565be293538d27779c65961f19f3e94d5b','2014-05-17 10:34:08',1555,10.5,'176.31.240.41',0,0,NULL,7,NULL),(188,'Fuler','dorian.niclass@gmail.con','204e52ce54c92cc1ad7574d5aa7422e5be5d978b','2014-05-17 12:01:49',1110,-31.5,'188.154.150.178',0,0,NULL,7,NULL),(189,'TetroXyD','SnipTerZ-03@outlook.be','d5272b4cd2b1abf2ac34605f5299bb8b7d543bc4','2014-05-17 13:22:32',805,8,'81.240.110.224',0,0,NULL,7,NULL),(190,'Sanglier34','victor.brondino@gmail.com','51dafe72c622e972bf059d709a95ba92c2660b6f','2014-05-17 15:58:05',1105,82,'90.60.17.158',0,0,NULL,7,NULL),(191,'iTry','dominic.audet25@gmail.com','5e51708b6986ef113e0095085b6c1a27cd7621a6','2014-05-17 16:32:09',448,-20.5,'184.148.248.250',0,0,NULL,7,NULL),(192,'Shooter','j-pdu80@hotmail.fr','9c60ad59e9db20c0a19976a8e6af8889272eb3ec','2014-05-17 16:38:20',2025,27.25,'86.70.133.37',0,0,NULL,7,NULL),(193,'alpha75','kevin.kelcal@laposte.net','3c5be99d6554ba5cd662082d1b99c4bb308b1d66','2014-05-17 21:40:05',123,-32.5,'86.198.46.117',0,0,NULL,7,NULL),(194,'tichef','dinboris@outlook.fr','dbb70078092c35943a29d1c25330e60294b824fc','2014-05-17 21:45:13',125,-30.5,'88.184.197.84',0,0,NULL,7,NULL),(195,'K3V1N','bernier.kevin@yahoo.fr','0eec94748a2c7f08c4b3b3476a6499be8950a880','2014-05-17 22:37:58',280,0.5,'88.189.205.237',0,0,NULL,7,NULL),(196,'Nilus','kenz76@hotmail.fr','5cd36b321db2b84cea02e6c3a904824ef2ffd2be','2014-05-17 23:39:34',325,-1,'90.22.210.239',0,0,NULL,7,NULL),(197,'Samy','tharkanfire@live.fr','af3957a30451c9a0aa59c0edaa6faada09800231','2014-05-17 23:39:57',515,-6,'90.51.248.6',0,0,NULL,7,NULL),(198,'shakiller','pierre.halet@laposte.net','61ee1c2b69c764ac581891eeb0033ff9bdfdd032','2014-05-18 00:38:53',200,0,'176.31.240.41',0,0,NULL,7,NULL),(199,'Slayers','delille.jonathan@gmail.com','665b9f97feb549b55b29954b8cbdfe392a5664a4','2014-05-18 01:26:08',1305,-5.5,'78.249.185.178',0,0,NULL,7,NULL),(200,'extosia','lecomikedu92@hotmail.fr','b88045234444f489a10c21cb98f32eabf71b7227','2014-05-18 01:26:27',278,-9.75,'78.249.185.178',0,0,NULL,7,NULL),(201,'Odin','ivanyvengo@hotmail.com','b88045234444f489a10c21cb98f32eabf71b7227','2014-05-18 05:26:01',347,19,'78.249.185.178',0,0,NULL,7,NULL),(202,'ChoukChoukPowEr','koljeremy@gmail.com','207d95d1192f3ec8c930c254f959b4ae47147ac9','2014-05-18 05:39:27',200,0,'176.31.240.41',0,0,NULL,7,NULL),(203,'Patapouf','lyon_93200@hotmail.fr','d750b56b9221de2e3fbb824bc92d6d537ec318a6','2014-05-18 11:22:39',45,56.5,'176.31.240.41',0,0,NULL,7,NULL),(204,'MrMister789','thesnipe789@hotmail.fr','ff1a2c83e29d24fa02c599a985b488cf563b06d3','2014-05-18 13:01:00',382,-8.75,'109.22.215.184',0,0,NULL,7,NULL),(205,'romain76490','romain76490@yahoo.fr','93fd82657ca81cff6a0d0518692369d1e4964d86','2014-05-18 15:26:41',2965,1.5,'77.128.112.250',0,0,NULL,7,NULL),(206,'Apisi','dark.kitty82@gmail.com','8f3e4a2806ba8c039551332bba025368f5e18872','2014-05-18 19:27:25',731,-49.25,'88.160.56.50',0,0,NULL,7,NULL),(207,'sanglier34610','sanglier34610@gmail.com','fdb7bb6b2dfd6ab67b2bcd696a67b3fd20c0c922','2014-05-18 21:46:01',200,0,'176.31.240.41',0,0,NULL,7,NULL),(208,'Wood','sdjgslidjgdgdjglsdjgsldjg@yahoo.com','34e7336d6e8fbcb4698d2f90a1043c227c6d28ea','2014-05-18 21:57:52',0,0,'176.31.240.41',0,0,NULL,7,NULL),(209,'Tsumiki','flamme-d-argent@hotmail.fr','be45e09762da38384cf47a4d3c76ef63e10e36c1','2014-05-18 22:18:48',105,40.25,'90.24.216.237',0,0,NULL,7,NULL),(210,'Ankhech','t-dt@hotmail.fr','5dccab5d3f59c189dc92c9423f6084e74d4451d5','2014-05-18 22:36:52',4692,32.75,'88.127.110.203',0,0,NULL,7,NULL),(211,'Selrec','selrec54@gmail.com','f98406bc7c4c6a6d8f10fe14d470078b32b56fbd','2014-05-20 09:39:56',1235,5.5,'213.111.63.158',0,0,NULL,7,NULL),(212,'AsYosuke','itsumokeiko@gmail.com','bca2dd4d9d2d1e29b5d39b39fc9fb4233bc46806','2014-05-20 13:33:20',205,-2.75,'176.31.240.41',0,0,NULL,7,NULL),(213,'Khey','khey.gm@gmail.com','a211aa9e810e557fd37b7302658f650a59ab9897','2014-05-20 13:38:05',209,-8.5,'176.31.240.41',0,0,NULL,7,NULL),(214,'Goldemor','sorenbornemann@gmail.com','93947ae31ba6707143c2ca6aeec400b8c2a673c1','2014-05-20 18:46:44',200,0,'83.197.145.198',0,0,NULL,7,NULL),(215,'Yoongin','kitsuki69@hotmail.fr','28f4e427dc2aa4d0b1dbb02df69d74587b606ff9','2014-05-20 21:50:45',200,-3,'176.31.240.41',0,0,NULL,7,NULL),(216,'gogolplus','gogolus2000@gmail.com','86e3fd05062afba45edbaca9968abb57a6efc4d1','2014-05-20 23:45:07',4316,20,'176.31.240.41',0,0,NULL,7,NULL),(217,'UnderJo','la_drug_c_mal@hotmail.com','5a3be7647cba3b0347202fde0fba7dc76f13dfeb','2014-05-21 00:17:09',1419,53.25,'176.31.240.41',0,0,NULL,7,NULL),(220,'Rocket','clemsdu17@hotmail.fr','e4ec2bd9207b887e87e6d5372945c50b69e6af88','2014-05-21 12:32:53',442,-2,'86.206.238.35',0,0,NULL,7,NULL),(221,'seb','bidou124@hotmail.fr','3790a8fa6aacace41480b703d149562a00b7a83f','2014-05-21 15:41:53',499,33.5,'109.214.202.27',0,0,NULL,7,NULL),(222,'Hagakure31','luffypgm@gmail.com','7ca47047d3662731b7eba4435953967be9c4dd40','2014-05-21 16:01:38',1540,7.75,'176.31.240.41',0,0,NULL,7,NULL),(223,'Xx-SkRyPGM-xX','fcbarcelone2014@hotmail.fr','dde94ae87e3b1d051ac179b9c366d06a5ad0bc81','2014-05-21 18:22:26',200,0,'176.31.240.41',0,0,NULL,7,NULL),(224,'oOGiGiOo','gihad159@hotmail.com','2dd1dc287e484838c2769946f6a97b8a00bab1b7','2014-05-21 18:39:36',180,-5,'176.31.240.41',0,0,NULL,7,NULL),(225,'skrypgm','barcelone76110@live.fr','dde94ae87e3b1d051ac179b9c366d06a5ad0bc81','2014-05-21 20:31:46',180,-5,'176.31.240.41',0,0,NULL,7,NULL),(226,'Cisli','cisli95@gmail.com','d475edf6dbc5c5d6f3ecee4c3ffd0f836943bb59','2014-05-21 21:47:49',286,34.25,'176.31.240.41',0,0,NULL,7,NULL),(227,'Psyko67','ercanefe67@gmail.com','6666e429c865e4846757f310cd5cc9212e8d1159','2014-05-21 22:46:56',200,0,'109.221.209.161',0,0,NULL,7,NULL),(228,'GaK','nimrod.m82@gmail.com','023ba2b5fa11b9dc8b14e2f26a4eeec0d9b43315','2014-05-21 23:02:56',260,0.25,'176.31.240.41',0,0,NULL,7,NULL),(229,'MrFreshBeer','mrfreshbeer@hotmail.fr','19dcd95f393db697e43533a7a618107447bbecc6','2014-05-22 14:24:00',205,0.25,'31.32.168.59',0,0,NULL,7,NULL),(230,'Aventurier02','patou-13@live.fr','dcbbd0f420fb74a25335f5f14bcbca67c221a138','2014-05-22 17:01:08',240,0.25,'31.32.26.170',0,0,NULL,7,NULL),(231,'Laurent9999','laurentkeusch@gmail.com','1f82ea75c5cc526729e2d581aeb3aeccfef4407e','2014-05-22 17:07:56',214,-4.5,'188.62.110.184',0,0,NULL,7,NULL),(232,'ricky james','ricky974@hotmail.fr','12b735e06ab6f6ae9fa153accdd644dff0b858f0','2014-05-22 22:21:40',200,10,'88.170.129.214',0,0,NULL,7,NULL),(233,'mickoum2000','mickoum2000@gmail.com','ba60a921965a8d9da2369138b38742711b1ca021','2014-05-23 14:48:09',200,0,'109.132.214.46',0,0,NULL,7,NULL),(234,'jamrock51100','loicfagnon@laposte.net','5d4bf33bbea3958a7e27e72d57e334e182af1e61','2014-05-23 18:03:22',200,0,'176.31.240.41',0,0,NULL,7,NULL),(235,'AzRaLs','azrals62@gmail.com','393a2db31ad4b50855f11084325aaafcd19d996a','2014-05-23 18:55:52',2078,302.25,'78.211.130.167',0,0,NULL,7,NULL),(236,'ZRed','anthony-L.M@hotmail.fr','ae216c959b055c706501451feab0bec357ddadf0','2014-05-23 21:06:39',2144,-20,'82.243.33.225',0,0,NULL,7,NULL),(237,'OxyiGEn','hugo.leduc@hotmail.fr','af858f9c6e5916add8d96aa7025615b6a66123ce','2014-05-23 21:07:41',2181,-23.5,'81.250.232.45',0,0,NULL,7,NULL),(238,'SkyBreaker','doni.farell@hotmail.fr','2e028655821b610f00527945b5574b9cb9188ce1','2014-05-23 21:35:57',4585,16.25,'82.225.222.102',0,0,NULL,7,NULL),(239,'Nodeneyke','batucada99@hotmail.fr','5526cbd5f5d43036120605c7ed17e5ef1ab78b1c','2014-05-23 22:32:37',200,0,'109.217.251.177',0,0,NULL,7,NULL),(240,'Titino95','diamondkiller54@gmail.com','6f713a9eb9cc092ec15e4851f026f2e620140d86','2014-05-24 02:40:06',200,0,'78.235.148.121',0,0,NULL,7,NULL),(241,'reyanthony','azerty@hotmail.fr','5ee87745589f7d3ee3553ece6364b5333875b664','2014-05-24 11:18:28',265,-2,'82.246.220.159',0,0,NULL,7,NULL),(242,'assassin39','iziimagueule@free.fr','5a75ecdde792e577d5fa87c6c4f2beae1e25cf05','2014-05-24 11:20:20',95,-22.75,'78.209.24.70',0,0,NULL,7,NULL),(243,'Chocapic','zeratul_hero@hotmail.fr','1f82ea75c5cc526729e2d581aeb3aeccfef4407e','2014-05-24 11:20:24',190,-1.75,'82.230.254.132',0,0,NULL,7,NULL),(244,'vycros','victor.c_971@hotmail.fr','ea2bba2342d4553aa18ef7f5e10e4a444a44012e','2014-05-24 13:13:11',713,167.5,'176.31.240.41',0,0,NULL,7,NULL),(245,'Seelver001','jeremy_bley@hotmail.fr','d45dc918ac5c2dbd97673cf07b09d678828967ea','2014-05-24 13:46:53',1055,49,'176.31.240.41',0,0,NULL,7,NULL),(246,'pitti','claerebout@hotmail.fr','86add4c05d286fe13c2280839d79004970e3577d','2014-05-24 14:12:51',2524,19.25,'176.31.240.41',0,0,NULL,7,NULL),(247,'spykizz','antoinemadic@hotmail.fr','29702a5f9808184fb628481e19cf9428529223ab','2014-05-24 14:55:55',200,-3,'2.11.238.38',0,0,NULL,7,NULL),(248,'DiamondKiler','diamondkiller@hotmail.fr','6f713a9eb9cc092ec15e4851f026f2e620140d86','2014-05-24 15:06:55',1158,84.5,'78.235.148.121',0,0,NULL,7,NULL),(249,'Sokeer','spongeFB@hotmail.fr','b6da09aeb7c3d126d18e39628a6bafa1484006d2','2014-05-24 18:14:55',200,0,'176.31.240.41',0,0,NULL,7,NULL),(250,'Elpatator','boursi_444@msn.com','e5170c35fb2216c584f12e51dce19f513e3d8822','2014-05-24 21:04:56',385,-6.75,'141.134.146.192',0,0,NULL,7,NULL),(251,'synx','zogzog2011@gmail.com','6054b7e1df2a8b8fa7cc22eec901983e8883ff20','2014-05-24 21:11:16',90,-30.5,'84.100.233.39',0,0,NULL,7,NULL),(252,'darkdogking','z96.jerome@gmail.com','1bb03c3b7104f68f1680fe8df2e9a18f1a243516','2014-05-24 21:29:09',200,0,'77.130.69.208',0,0,NULL,7,NULL),(253,'nilvideo3d','alex_guerra2002@live.com','aac443865c69f4915df0e7848902f72da95bc69a','2014-05-24 21:36:57',167,-7.75,'93.19.156.101',0,0,NULL,7,NULL),(254,'AlbatorX','daniel-de-besak@hotmail.fr','bf54a31168f10cc01cadc27f2bf4959f2a4caef0','2014-05-24 21:37:10',1913,14.5,'88.177.208.141',0,0,NULL,7,NULL),(255,'Kalamar','kaboumcalamar@hotmail.fr','5fb736733ae26d5fd59ce95bc35d3a232c681320','2014-05-24 22:05:17',1085,-3.75,'78.126.15.154',0,0,NULL,7,NULL),(256,'Hello kitty','z96.jerome@hotmail.fr','224a07d745fcee119a9c931de544de927a8865d9','2014-05-24 22:16:32',200,0,'77.130.69.208',0,0,NULL,7,NULL),(257,'alessio4460','alessio_le_boss@hotmail.fr','19bf3ac3c3572e13dc8ac7378ee1785652c48de9','2014-05-24 22:52:34',3621,7.5,'82.212.187.98',0,0,NULL,7,NULL),(258,'Asgard','giard.maxime25@gmail.com','e8bd7faf78361d40b3253f10b447a0ffeddd319e','2014-05-25 09:18:46',739,16,'176.31.240.41',0,0,NULL,7,NULL),(259,'kiki','sanlavillek@gmail.com','778236fffd372ef23e09e58d0d519cfdef97f5f1','2014-05-25 10:55:34',200,0,'62.34.15.136',0,0,NULL,7,NULL),(260,'Thibibi','alagaan@live.fr','51f69b72b5489e331d558b84e3eb352b8a588d79','2014-05-25 12:01:24',200,0,'176.31.240.41',0,0,NULL,7,NULL),(261,'joshduhoi','jeux.bien@aol.com','3eb6423ce4f4928fdd0e747dbfe5df4c06a09d9d','2014-05-25 12:34:30',200,0,'176.31.240.41',0,0,NULL,7,NULL),(263,'backlyne','spint990@live.fr','f4d3a98ab163cb99c52d0b65a93e7f0eb967bc81','2014-05-25 13:22:09',432,-147.75,'88.171.118.202',0,0,NULL,7,NULL),(264,'Soniskoop','qdsqds@gmail.com','c0d5278653aab3b934fa23f47283115ea6055308','2014-05-25 14:00:07',405,86,'88.187.144.214',0,0,NULL,7,NULL),(265,'OniZ','altexos@hotmail.fr','c0d5278653aab3b934fa23f47283115ea6055308','2014-05-25 14:03:07',26,11.5,'88.184.156.2',0,0,NULL,7,NULL),(266,'Yuki','bryanb77@sfr.fr','c0d5278653aab3b934fa23f47283115ea6055308','2014-05-25 14:03:43',6767,53.5,'79.83.19.27',0,0,NULL,7,NULL),(267,'Ohmega','kciredem@gmail.com','2d9d18a94d81f963f502b9c7cd8bcd8e6eb2586b','2014-05-25 14:31:32',507,10.25,'88.138.125.5',0,0,NULL,7,NULL),(268,'Hanx','hanx93@hotmail.fr','6b8c1e2725d3c1af9a7509bcd60056d837499f6a','2014-05-25 14:49:31',139,-35.75,'83.157.138.171',0,0,NULL,7,NULL),(269,'Ajax','lucascade@live.fr','8061e04e06b04024b0ce065964ea0a8c53ab4596','2014-05-25 15:00:41',200,-12,'176.31.240.41',0,0,NULL,7,NULL),(270,'Narus','dorian.niclass@gmail.com','204e52ce54c92cc1ad7574d5aa7422e5be5d978b','2014-05-25 15:21:55',2349,-7,'188.154.150.178',0,0,NULL,7,NULL),(271,'X3R0S','tom.salvan@hotmail.fr','a0ce6aa2ef1ef17074d57817d67a546de88034b5','2014-05-25 16:39:25',552,83.375,'90.5.61.125',0,0,NULL,7,NULL),(272,'Sebastof','sebastian.matak@gmail.com','4ed392953d8395ef650ec9f30f24af67a46a3b45','2014-05-25 16:42:01',985,58,'86.68.208.3',0,0,NULL,7,NULL),(273,'Ajerapo','ajerapo@gmail.com','37069f9c01482269d27c81cc64fa31ef2666d8d0','2014-05-25 16:52:03',219,-8.75,'109.190.155.220',0,0,NULL,7,NULL),(274,'MonkeyGraySylar','totobart31@hotmail.fr','9539ff8e2fbeebccd43834242414eac60243a470','2014-05-25 19:30:37',912,48.75,'86.68.208.97',0,0,NULL,7,NULL),(275,'chima','stevenguillemette@hotmail.com','61b70c0d48fa40280ff4f002be82cf8ff090b870','2014-05-25 21:50:14',200,0,'176.31.240.41',0,0,NULL,7,NULL),(276,'freland','heros711@hotmail.fr','19dd832f7205ec9a690e90473cd6acca4c317e88','2014-05-25 22:09:28',1014,-72,'176.31.240.41',0,0,NULL,7,NULL),(277,'LordRizoto','samiii350@gmail.com','95c457432e2606b19ee69dcc57f1d82c81e39816','2014-05-26 07:02:13',1224,31,'82.238.183.146',0,0,NULL,7,NULL),(278,'No Rage Slovo','OhSlovo@hotmail.com','e69057801a5bf36dd30d2a56d30874c7b4bc74aa','2014-05-26 18:16:08',2279,71.5,'81.242.168.85',0,0,NULL,7,NULL),(279,'Ryan','ryan31200@hotmail.fr','86c679ebbcf1ab7b1fcefeb04c037adab824d224','2014-05-26 21:06:00',396,-0.25,'93.2.68.41',0,0,NULL,7,NULL),(280,'LaRousse4460','celinetheunissen@hotmail.com','7517168fa4cb667062544873d0519b99108ede75','2014-05-26 21:16:45',260,-32.25,'85.26.10.199',0,0,NULL,7,NULL),(281,'Snark','briac44@hotmail.fr','a5e822eead7228bb490d5ff1c7a997d20f7ddae5','2014-05-26 23:18:50',185,-1.75,'88.140.112.101',0,0,NULL,7,NULL),(282,'Robin Hood','robindesbois@gmail.com','f29160f6e8a957ff2937640fb19e716fe143434c','2014-05-26 23:39:25',2620,9.75,'88.140.112.101',0,0,NULL,7,NULL),(283,'Andora','joelnaisse@gmail.com','0b20b13ade04e083b7ca896e36a3df6cb385481a','2014-05-27 02:57:02',423,-17.75,'109.88.39.103',0,0,NULL,7,NULL),(285,'Marrias','jojo14777@live.fr','fdb765123fc6578a1e4c823636bd0a8e494bcc18','2014-05-27 17:47:23',200,-3,'176.31.240.41',0,0,NULL,7,NULL),(286,'TheGEEKEURdu84','feraud.tino@orange.fr','bbecce53eecb745554423b83e6205376a07f8935','2014-05-27 18:23:10',205,-3.75,'92.153.51.71',0,0,NULL,7,NULL),(287,'SioVal','valentin-alves@hotmail.com','5ae20397f8c670d37ab359d9531bb9ad665eeef1','2014-05-27 21:24:51',753,6.5,'91.182.4.182',0,0,NULL,7,NULL),(288,'Sio OTHER','audran77@gmail.com','4fc42e351baa8bc29650ae9a89e84eebfa884b8a','2014-05-27 21:30:32',320,53.75,'90.61.88.154',0,0,NULL,7,NULL),(289,'Sio Dr G','florian90000@live.fr','68e1295ff596f6e2c226ada254348828a4e89647','2014-05-27 21:34:14',610,-1,'77.201.73.86',0,0,NULL,7,NULL),(290,'Sio Spiicky','spicky_cs@hotmail.fr','e7fb234d98727f17fa73aa6cd05142fc3193bcb4','2014-05-27 21:37:51',360,-4,'78.210.4.23',0,0,NULL,7,NULL),(291,'Epyx','valentintheboss@Outlook.fr','ff95ee7298b62d1b03ee86564525e8035bfc8ed3','2014-05-27 21:38:44',672,-1.5,'109.18.33.89',0,0,NULL,7,NULL),(292,'Sio SilverWolf','alyanis1890@gmail.com','785ad46dd257e6bb4adfdc7739b27e9578363ad3','2014-05-27 21:39:23',2659,26,'90.39.141.22',0,0,NULL,7,NULL),(293,'Oxceus','leodu57645@hotmail','4e1b6bfd06b900deab99f6051e8a550bd92ab4b6','2014-05-28 13:48:32',630,26.75,'77.128.9.107',0,0,NULL,7,NULL),(294,'Exooul','alex-57240@hotmail.fr','7662407560fb9d2774ee3fcfeb51fc0d36824c3b','2014-05-28 15:34:03',200,0,'109.221.21.134',0,0,NULL,7,NULL),(295,'Tiziok','alex-57240@outlook.fr','7662407560fb9d2774ee3fcfeb51fc0d36824c3b','2014-05-28 15:38:00',470,17,'109.221.21.134',0,0,NULL,7,NULL),(296,'OxyGEn','ox@hotmail.fr','e96bee944f34340479331e4a15ae34b80c4ad621','2014-05-28 15:45:20',200,0,'90.1.141.40',0,0,NULL,7,NULL),(297,'Morons','guukguuk1921@hotmail.com','43b501198cc0a00be37141e3db92ea6a693edcd6','2014-05-28 17:15:31',200,-1,'109.88.93.47',0,0,NULL,7,NULL),(298,'IRoYaLChieF','iro@live.fr','23e478e39fd28d2f1b3f27e43f5b9a962c932c26','2014-05-28 17:52:10',525,7.5,'62.35.101.172',0,0,NULL,7,NULL),(299,'GuukGuuk','xxxxxxxxx','43b501198cc0a00be37141e3db92ea6a693edcd6','2014-05-28 18:10:02',300,7.5,'109.88.93.47',0,0,NULL,7,NULL),(300,'Lepoutreur','maxrad1996@hotmail.com','e219426881c9f251c51f7d18286dc66a79b75e6c','2014-05-28 18:22:07',1752,31,'109.88.189.246',0,0,NULL,7,NULL),(301,'deblau','skabreux@hotmail.com','4b9cdb26d8440aa0965c80afdd36680ef1cc0f61','2014-05-28 18:28:55',870,-19.5,'81.242.185.145',0,0,NULL,7,NULL),(302,'RazorNaga','alex-57700@outlook.fr','d0b677d356e0fd0d211ea6481fbe75fb5f276076','2014-05-28 19:07:36',0,20,'109.221.21.134',0,0,NULL,7,NULL),(304,'AzkiezZ','kil25@hotmail.fr','24cc374401f9c89b9f5c333f2e2172dc82bc4d58','2014-05-28 20:30:55',200,0,'176.31.240.41',0,0,NULL,7,NULL),(305,'baban26','esteban_pirates@hotmail.fr','d4f52faeb80cfab35607727d91ce411852d8e0a6','2014-05-28 21:24:06',225,-1.5,'31.32.225.44',0,0,NULL,7,NULL),(306,'VIRTUOZ','marshall23@hotmail.com','4fd22e2918f416ebb680ff6878775b2b7855c163','2014-05-28 21:56:44',243,-32.75,'95.182.175.55',0,0,NULL,7,NULL),(307,'virtuoz','axelpagnoul@hotmail.com','f882885c88274e43342e30de753c90e97a94a7bc','2014-05-29 00:33:09',243,-32.75,'95.182.175.55',0,0,NULL,7,NULL),(308,'Dizz','lytimmy01@gmail.com','a72dce203bce61123a2c0f83a32e434928a7c41c','2014-05-29 00:59:10',200,-3,'128.79.231.60',0,0,NULL,7,NULL),(309,'didouche','dimitri.bouriez@hotmail.fr','2d9bd4d80de2b12e3826584b18deb95911fc659f','2014-05-29 02:11:08',1417,-22,'78.221.224.146',0,0,NULL,7,NULL),(310,'[ORGA] Sunrises','rere24@hotmail.ff','1c898daf49b5e79d881993e94596ef355e100896','2014-05-29 02:23:37',200,0,'89.185.185.219',0,0,NULL,7,NULL),(311,'[ORGA] Nono','formationcommune@hotmail.ff','edca0af72b73e950f5c602649a4537a567d4bfd0','2014-05-29 02:26:16',200,0,'88.142.40.84',0,0,NULL,7,NULL),(312,'Skwiz','Skwiz77@hotmail.fr','b61bd343ddfaa6cb61361b3994f6395a3e8e9a3e','2014-05-29 10:17:49',2100,16.75,'77.195.193.128',0,0,NULL,7,NULL),(313,'YkHawk','selim37520@hotmail.fr','154d8bdcae4c594164fa9544994f45d791eb0826','2014-05-29 13:10:32',240,-2,'82.233.150.124',0,0,NULL,7,NULL),(314,'Marinox','sylvie.pechaud@sfr.fr','7b2f0dd5aa74fe5200d2dbf3fd16e7198c209084','2014-05-29 14:53:49',415,-34,'77.206.10.240',0,0,NULL,7,NULL),(315,'dydy','speedy972_@hotmail.com','c5baf0a8f1cf29964d6fbcd9261ba9f023d3db7a','2014-05-29 15:47:36',1395,6.25,'83.205.199.44',0,0,NULL,7,NULL),(316,'GhostSavagee','lucaslgt@live.fr','240d71b432038bb6dc423625e7b46d84d0333f24','2014-05-29 15:52:58',200,2,'88.169.92.129',0,0,NULL,7,NULL),(317,'Valrone','valrona@hotmail.fr','5f679db0ad73266534fe50c66009dbe1660b3a98','2014-05-29 15:53:27',200,0,'78.194.96.62',0,0,NULL,7,NULL),(318,'Bernardo','skuirelmaster@gmail.com','a950f3bd6622180c7d692f7695ba36ca5a65dd08','2014-05-29 16:00:33',300,-2.5,'87.67.185.20',0,0,NULL,7,NULL),(319,'Jojo','jobrichart@gmail.com','7bde284146980f9f52513b3d49d3c649c2ae0d11','2014-05-29 18:46:13',200,-26.75,'79.86.38.196',0,0,NULL,7,NULL),(320,'Aiaros','aiaros.gaming@gmail.com','bcce61268156b9379ff44c03208dbc2c7c3b0a7c','2014-05-29 20:09:48',590,-38.5,'88.138.205.78',0,0,NULL,7,NULL),(321,'Gaby4430','gabriel.mornat@gmail.com','0d0370355c2ecaf93b6996c27af8523e3b4bf179','2014-05-29 21:00:22',200,0,'81.53.227.237',0,0,NULL,7,NULL),(322,'Boloss','leoschwartz68@gmail.com','f38f03861cfa20197bbcac25a7671d66f4909c93','2014-05-30 12:33:55',200,0,'86.67.114.36',0,0,NULL,7,NULL),(323,'MaxiDozer','maxi.dozer@gmail.com','656974711287663b8826ea4471144e07e1f11f18','2014-05-30 14:38:34',900,18.5,'89.224.34.181',0,0,NULL,7,NULL),(324,'Demon','raphaelrohmer@laposte.net','268693c16fc27b74187c5e9c8263a59ef1fc2a38','2014-05-30 14:38:47',1225,50.5,'194.183.208.156',0,0,NULL,7,NULL),(325,'[EMPi] Skahorde','bebebest34@yahoo.fr','6731868f232ab18c6c0799e0b5ee24b56f1a3575','2014-05-30 16:17:49',4225,17,'78.244.144.55',0,0,NULL,7,NULL),(326,'Bear Grylls','dqdsqds@hotmail.fr','4b88aedc17cf5b869dac0134669c140f8388c43f','2014-05-30 20:54:17',811,11.5,'88.187.144.214',0,0,NULL,7,NULL),(327,'Sylvester Stallone','neoxis77@gmail.com','7bde284146980f9f52513b3d49d3c649c2ae0d11','2014-05-30 21:11:04',255,0.75,'37.72.198.190',0,0,NULL,7,NULL),(328,'Chuck Norris','altexos@gmail.com','c93d8fb3e7eec5a5d5918f6dfd5d85134e41fc0a','2014-05-30 21:30:48',1040,1,'88.184.156.2',0,0,NULL,7,NULL),(329,'Lapointe3','lapointe3@live.fr','d8f895bef4e17f5ed47432459a14c40da8cfe72d','2014-05-31 12:10:35',240,5.25,'82.65.19.162',0,0,NULL,7,NULL),(330,'Skahorde','manuperez34420@yahoo.fr','6731868f232ab18c6c0799e0b5ee24b56f1a3575','2014-05-31 13:01:34',200,0,'176.31.240.41',0,0,NULL,7,NULL);
/*!40000 ALTER TABLE `user` ENABLE KEYS */;
UNLOCK TABLES;
/*!40103 SET TIME_ZONE=@OLD_TIME_ZONE */;

/*!40101 SET SQL_MODE=@OLD_SQL_MODE */;
/*!40014 SET FOREIGN_KEY_CHECKS=@OLD_FOREIGN_KEY_CHECKS */;
/*!40014 SET UNIQUE_CHECKS=@OLD_UNIQUE_CHECKS */;
/*!40101 SET CHARACTER_SET_CLIENT=@OLD_CHARACTER_SET_CLIENT */;
/*!40101 SET CHARACTER_SET_RESULTS=@OLD_CHARACTER_SET_RESULTS */;
/*!40101 SET COLLATION_CONNECTION=@OLD_COLLATION_CONNECTION */;
/*!40111 SET SQL_NOTES=@OLD_SQL_NOTES */;

-- Dump completed on 2014-06-13 21:44:54
